AccX,AccY,AccZ,GyroX,GyroY,GyroZ,Timestamp
-0.830726,0.15099631,0.4319849,-0.03970624,-0.082237735,0.0346666,819878
-0.70614195,0.5214016,0.7219057,0.02076942,0.02649628,-0.02275473,820172
0.38695955,2.487391,0.027147293,0.004276057,0.051541757,0.0016798794,819508
-2.136158,-0.6412716,1.5205526,0.028710667,0.06314819,-0.00076358154,819911
0.7811972,-0.5983273,0.1603508,-0.023823744,0.016111571,-0.007483099,819781
0.23943341,1.158268,-0.74325466,-0.02687807,-0.04192063,-0.022143865,820622
0.10849357,0.7714462,0.33483315,-0.08307768,0.05215262,0.010842858,819920
0.15781641,0.054396212,-0.054347992,0.073303826,0.199982,0.0065668016,820304
-0.24112463,1.0727291,0.59008026,0.03359759,0.05215262,0.1769982,819156
1.1968477,0.63978803,2.2474842,-0.01282817,0.13706289,0.043829583,819555
-1.1838069,0.20522904,0.30257034,-0.03604105,-0.027870728,-0.11377365,819787
0.36664152,-0.45493683,1.3501196,-0.037873644,-0.12377657,-0.13820826,820197
-0.39401895,-0.2526343,0.07267952,0.06719518,0.0008399397,0.2667954,819143
0.669502,0.83451515,-0.8216982,-0.058643065,0.06681339,-0.10888673,820187
-1.0397677,-0.88595015,0.12576675,0.010995574,0.06498079,-0.014813482,820342
-0.9029094,-0.20586824,1.3978615,0.06414085,-0.046196684,0.18432859,819823
1.1424448,1.1666042,-1.7912002,-0.11178834,-0.20868684,-0.120493166,819273
0.17240667,-2.1382942,0.49825287,-0.07147124,-0.16348282,-0.044745877,819319
0.50363255,-0.25377703,-0.050501823,-0.0018325958,-0.03397938,0.010231993,820305
0.49319983,-0.15392506,0.10267162,-0.081855945,-0.033368513,-0.18341228,819344
3.0834522,-0.5676542,-0.005417824,0.07513642,-0.03397938,-0.05024367,819236
-0.17161465,-0.105549335,0.3674612,0.04337143,-0.029092457,0.18921551,819702
-0.08776617,0.17779681,-0.16442299,-0.022602014,-0.06207918,-0.0025961774,820388
-2.0278811,-0.026340961,-1.3620901,0.0067195175,0.10224357,0.300393,819249
0.37971187,0.13926822,0.21725178,-0.020158553,-0.06452264,0.1684461,819214
-0.42568564,-0.62521994,0.18900967,0.004886922,0.025274549,-0.02031127,819918
-0.33160675,-1.0755042,0.17556477,-0.014660766,-0.0028252518,-0.001985312,820551
-2.772006,-2.3382683,2.061782,0.06841691,-0.10239629,0.2759584,819079
0.102344036,0.24820487,0.2563305,0.02321288,-0.013820826,0.00045814895,820396
-1.2904048,2.201264,-2.6328564,-0.012217305,0.088804536,-0.006872234,820146
0.88297963,-0.059732005,-1.1800137,0.062308256,0.17982346,0.022449298,820166
-0.48107505,-0.058787525,1.0311899,0.012217305,-0.0028252518,-0.012980887,820311
4.1817102,-1.0910995,-3.0380564,-0.18570304,-0.11217013,-0.16630806,819044
-0.009498715,0.20804593,-0.39558697,-0.014049901,0.006948592,0.08659015,819499
0.6999185,1.7562777,0.6079931,0.031154128,0.006948592,-0.027030786,820042
0.9222051,1.394556,-1.0096741,-0.007941248,0.0081703225,0.029168816,819338
0.41903305,0.59953797,-0.32215786,0.014049901,-0.0028252518,0.017562376,819522
0.1347096,0.46961397,-0.7104788,0.11911872,-0.055970527,-0.019089539,820422
0.07066393,-0.28761297,-0.52220917,0.029321533,0.0020616702,-0.0062613687,820670
-0.07803464,-1.4577281,1.1853352,0.017715093,0.12118039,0.09941832,819822
0.056168616,0.1621269,-0.16758347,0.06414085,-0.024205536,0.19960022,819354
-0.4699397,-0.47871935,0.19086266,-0.014049901,-0.032757647,0.011453724,820618
-0.49023867,0.2970085,0.18148994,-0.019547688,-0.022372939,-0.12110403,819929
-3.6504412,-0.8480129,0.3113222,-0.049480084,-0.0107665,0.15683965,819074
0.25251973,0.07053873,-1.7635036,0.089186326,-0.09628764,0.048716504,819034
1.2152193,0.41720176,0.15702057,-0.050701816,-0.00038179077,0.033444874,819747
1.7660139,1.6469723,0.41692638,-0.057421334,0.0045051314,-0.10277808,819815
0.36236334,0.42818913,-0.4547224,0.023823744,0.0173333,0.005955936,820131
-0.46743485,-0.5437763,0.108426094,0.030543262,0.0045051314,0.14523321,819497
0.77854156,0.42246002,-0.44081783,0.0012217305,-0.052305337,-0.011148291,820343
0.27630258,-0.98631394,0.8211317,0.09590584,-0.00038179077,0.015118915,819544
2.8460383,2.2042406,0.5604172,0.002443461,0.13095424,-0.08628472,819243
1.5164689,-0.058021307,0.46322346,-0.025045475,0.11140655,-0.22128594,819220
-3.178716,0.25869521,-0.5365162,0.11362094,-0.1109484,0.0346666,819018
0.11704087,0.16705662,-0.1411171,0.012217305,0.051541757,0.024281893,819890
0.7784617,0.9751879,-0.9898443,-0.012217305,0.024663685,-0.00015271631,819719
-0.37979972,-0.5992751,-0.08323765,0.0067195175,0.06498079,0.0022907446,820622
0.1190878,-0.20356214,0.21995544,0.07880162,-0.004046982,0.527024,819349
0.031090021,-0.31610942,0.5351896,-0.015271631,0.04848743,0.031001411,820617
0.026802897,-1.5931504,1.2865906,0.007941248,0.11323915,0.05421429,819209
0.41649154,-0.0049688765,-0.27010155,0.049480084,-0.03397938,0.29061913,819973
0.6024556,1.0922241,0.22054768,-0.034208454,0.024663685,-0.025809057,818945
0.17505538,-0.04473257,0.16992378,0.002443461,-0.04314236,0.011453724,820065
1.7055433,-0.26320234,-0.1307993,-0.092240654,0.020998493,-0.44303003,820030
-0.65313095,-1.8985004,1.9772034,-0.014660766,-0.011377365,-0.03680463,819062
-0.9976921,-1.5958757,-0.3856306,-0.092240654,-0.13232869,0.035888333,819587
2.812831,-2.4217653,-2.5972385,-0.02076942,0.13767375,-0.05879578,819240
0.08131111,0.009640217,0.14701271,0.02565634,0.049098294,0.018784106,820687
-0.64353323,-0.6593038,-0.3025427,-0.00061086525,-0.016264288,0.00045814895,820128
-0.4406935,-0.6665633,0.2986803,0.03726278,0.0075594573,-0.004428773,818942
-0.7950635,1.4047856,-0.22123528,0.022602014,-0.018707749,0.02733622,820154
1.6698055,-1.3600125,-1.3737268,-0.12522738,-0.40416372,-0.28603765,819573
2.264554,-0.15122512,-0.7590618,-0.02687807,0.081474155,-0.18585575,819224
-0.64180446,-0.25136983,0.3440895,0.065973446,-0.11827879,0.1049161,819798
0.1079638,0.43011165,-0.18759155,-0.01038471,-0.028481591,0.0010690142,819518
-0.19062912,0.004499197,0.058714867,-0.004886922,-0.03397938,0.008399397,819934
-0.45835984,-0.16163713,0.6671524,0.004886922,-0.054748796,-0.011148291,819713
-0.14374948,0.73067725,0.41689396,0.02076942,0.10285444,0.037110064,819874
-0.69248366,0.46245855,0.09549141,-0.0018325958,-0.03153592,-0.008093964,819547
0.17042994,-0.042779803,0.5890808,-0.02321288,0.010002919,0.01572978,820566
0.11231473,-0.2612759,-0.27245712,0.04886922,-0.06085745,0.17577648,818972
0.10106897,0.8062354,-0.48929787,0.092240654,0.016722437,-0.15103643,819791
-0.20777857,0.20566931,0.22144318,0.022602014,0.025885414,0.087201014,819940
-0.20773506,-0.035972714,-1.0245123,0.028099801,0.018555032,0.0346666,820294
0.05888605,-1.4008957,-0.63935757,0.0012217305,-0.042531494,0.01450805,819112
-0.17954016,0.22992767,0.6533375,-0.054367006,-0.13599387,-0.026419923,820315
-0.5276731,-0.8065201,1.7908382,-0.010995574,-0.11522446,0.0022907446,819287
2.2656064,0.07466835,1.9164934,0.0061086523,-0.027259862,-0.008093964,819237
0.76117325,0.5209228,0.51502895,0.06963864,0.08636107,-0.008093964,819850
0.41107643,-0.023808718,-0.07769108,0.040927973,0.072922036,-0.032528576,820549
-1.2650683,-1.4211875,-0.76772213,0.021991149,-0.38644862,-0.054519724,819492
-2.5745564,-0.48230925,1.6351881,-0.09896017,-0.30153835,-0.22922719,819570
-0.28126502,0.22703087,0.20335007,-0.012217305,0.0008399397,0.0016798794,820116
-0.5123708,-0.5247252,-2.0345402,0.050701816,0.0894154,-0.0056505036,819901
1.1680261,-0.4774351,0.47172737,-0.01282817,-0.0669661,-0.0032070426,820396
0.017653942,-0.7987776,1.2067022,-0.15760323,0.17004961,0.07009678,820022
0.61787105,0.6228875,-0.32417297,-0.1386664,-0.039477166,0.0627664,819543
-0.69394696,-0.73037434,-0.07739258,0.049480084,0.0008399397,-0.07284568,820630
-0.6068866,0.60555565,-0.13221455,0.03359759,0.031994067,0.0047342055,819538
-0.16632521,-0.8011765,-0.35460663,0.018325957,0.0173333,0.01450805,819683
0.19152236,-0.04754877,0.61407566,0.018325957,-0.010155635,0.09208794,820035
-0.82166654,-1.3909954,0.64906216,0.009773844,-0.040698897,-0.0056505036,820058
1.6412983,1.3033264,1.811348,-0.013439035,0.058872137,0.032223143,819193
-0.39492202,-0.3083685,2.1502638,-0.06414085,-0.3131448,-0.012370021,819034
1.5898056,-1.1248672,-0.04582405,0.08857546,0.21525364,0.08964448,819802
0.40327716,-0.40891707,0.6391039,-0.03359759,-0.027259862,-0.006872234,819228
1.8369942,0.87465763,-0.20174408,-0.026267206,-0.089568116,-0.019089539,820347
-0.32092476,-0.4042616,0.07161617,0.052534413,-0.12805262,0.3578143,820354
-0.7331468,-0.768424,-1.297328,0.026267206,0.065591656,0.068264194,819560
0.47721577,0.36076725,0.25933075,0.009162978,-0.0046578473,-0.021533,820061
-0.19145823,1.0636122,1.2550373,-0.014660766,0.011224649,0.015118915,819303
0.094821215,0.90632874,-0.41275406,-0.021991149,-0.0077121737,0.06887506,820479
-0.25603962,0.33364573,1.0486584,0.02687807,0.04604397,-0.025198191,820131
1.3509634,0.8349285,0.49930573,0.03970624,0.2018146,0.025503624,819580
0.8374188,-0.8375566,1.1065645,0.0580322,-0.04925101,-0.09728029,819857
2.0114155,-1.0391542,0.7302723,-0.057421334,0.061926465,-0.019700404,819092
1.4920709,-0.81673914,0.5849819,-0.009162978,0.100410976,-0.025809057,820559
-0.24875021,-0.014298782,0.15923691,-0.004276057,-0.0022143866,0.005955936,819154
-0.50561225,0.60416764,-0.49315166,-0.020158553,-0.05535966,0.0010690142,819766
-0.33025098,-0.11240101,1.0341625,0.02076942,0.057650406,0.05665775,819334
-0.13816452,0.2799158,-1.501337,0.08124508,-0.018707749,0.0364992,819122
0.04382384,0.6496674,0.1720066,0.014660766,0.013057245,0.023060163,819931
0.19191432,-1.3373138,0.117845535,-0.03848451,-0.046196684,-0.01786781,819687
0.25193238,1.1237453,0.7831783,0.014660766,-0.0846812,0.01450805,820115
0.25890112,-1.924473,-0.24196434,0.03481932,0.17676914,-0.23777929,819574
1.6163149,-0.93336976,-0.8180752,0.02687807,0.047876563,-0.051465396,820075
-1.4526356,-1.0807331,0.27046394,0.0036651916,0.045433104,0.03894266,819738
0.24666214,-0.63567716,-0.8715229,-0.017715093,0.021609358,-0.052687127,819107
0.54214895,-1.8295181,-1.8186641,-0.09101892,0.016722437,-0.020922136,819599
-0.21977854,-1.1619914,0.28318787,-0.06780604,-0.21418463,0.025503624,820495
-0.37754977,-0.94525117,-0.50453854,-0.04520403,0.11323915,0.03283401,819298
0.37932396,0.36852986,-0.055560112,0.014049901,0.001450805,0.0096211275,820370
0.8763082,-0.6888386,-0.14917946,0.012217305,-0.014431692,-0.03924809,819506
0.9370954,-0.9740295,-0.2828226,0.06719518,-0.11217013,-0.08933904,819664
0.12320924,-0.43315178,1.7045898,-0.022602014,0.04665483,-0.04841107,819446
1.2195847,0.16735274,0.41314793,-0.02443461,-0.000992656,-0.00992656,820441
-0.508939,0.19452935,0.20183468,0.069027774,0.01488984,0.3193298,819349
2.5774088,-0.023980737,-1.0892591,-0.02076942,0.13156511,-0.24816401,819222
1.1139677,0.10607457,0.6198931,0.044593163,0.10896309,-0.04352415,819183
-0.1872499,0.2322886,0.5784397,-0.027488936,0.07780896,-0.11927144,820502
0.11967695,-1.1768081,-1.7003651,-0.01282817,-0.08345947,0.060322944,820246
-0.45079648,-1.5305989,0.18827724,-0.021991149,0.0020616702,0.0346666,819263
0.4821577,1.1359614,0.31876087,0.044593163,0.09735665,0.00045814895,820577
-0.14623201,-0.09664178,-0.45306873,0.03970624,0.0008399397,0.18188512,820450
1.0533694,-0.33677566,0.17436028,-0.009773844,-0.018096883,0.0016798794,820599
-1.1992073,-1.5247221,0.50730705,-0.05375614,0.099189244,0.13607024,819230
-0.19290686,-0.09685132,0.39112377,0.11056661,0.28916833,0.0022907446,820310
0.015221119,-0.21335603,-0.58251953,-0.01282817,0.029550606,-0.107665,819541
1.5543103,0.52551484,-1.181881,-0.019547688,0.12851077,-0.08506299,820140
0.976215,0.17441356,0.6118784,-0.00061086525,-0.011377365,-0.0032070426,818951
-0.9570389,-0.24549031,0.6225319,0.02443461,0.06925685,0.22770002,819774
-0.020573974,-0.24634004,0.042918205,0.012217305,0.008781188,0.07192938,818975
-0.35175383,0.6756618,0.8373604,-0.08552113,-0.054137934,-0.025809057,820459
-0.2392118,-0.37708035,0.81011105,-0.032375857,-0.034590244,0.010842858,820428
0.8108064,-1.2253993,0.4880476,0.040317107,-0.03397938,0.035888333,819170
0.36578715,0.5555829,0.56810474,0.052534413,0.24213171,-0.117438845,820230
1.200336,-0.14188749,-1.4050102,-0.019547688,0.053985216,-0.15042557,820657
2.2583122,0.16837251,-0.6786547,-0.037873644,-0.14943291,-0.029474247,819208
-0.29166484,0.054795384,0.27454948,-0.02321288,0.001450805,-0.10705414,820691
0.0013557673,-0.23523682,0.09073734,-0.012217305,0.006948592,0.04016439,820446
-0.11681974,-0.016816169,0.0136909485,-0.099571034,-0.038255434,-0.2218968,820293
0.42072892,0.4715375,-0.6664305,0.03359759,0.02405282,0.08170322,820035
1.3463504,0.90393186,0.64733505,-0.054367006,-0.26366472,0.06337727,819481
-0.15034044,0.049950182,-0.004807472,0.02687807,0.016722437,0.00045814895,820339
-0.06436467,-0.113292396,0.7507191,0.0030543262,-0.0388663,-0.024587326,820588
0.17728591,0.87653667,-2.3096557,0.069027774,0.18898644,-0.0025961774,819209
-0.22223544,-0.93797505,-1.1266575,-0.021991149,0.06803512,0.022449298,819649
0.6612482,0.438274,-0.0005130768,0.013439035,-0.003436117,0.040775254,819946
-0.013188243,-0.108514786,0.37524414,0.029321533,-0.005879578,0.11285736,819143
0.63659286,1.0157368,-0.24097824,0.1863139,-0.24045183,0.2228131,820165
-0.32179105,-1.5262506,1.9973507,-0.09590584,-0.19036089,0.11285736,820447
0.13034129,-0.8306437,0.33613777,-0.026267206,0.017944166,0.0065668016,820401
-0.06823385,-0.33332968,-1.2543278,-0.07452556,-0.027870728,0.008399397,820645
0.24916983,-0.6478294,0.11575222,0.0018325958,-0.08773552,-0.05879578,819854
0.5859189,0.43197542,0.46232033,-0.06047566,0.006948592,-0.42653665,820029
1.2706509,0.08188629,-0.87253666,-0.007941248,-0.049861874,-0.024587326,820119
-0.007225752,-0.22742295,0.51440334,0.02076942,-0.0022143866,-0.06490443,820122
0.562966,0.66122997,0.83582497,0.008552114,-0.04314236,0.023060163,820044
0.20718896,-0.7008421,0.22740841,0.028099801,-0.018096883,0.032223143,819808
0.119763374,0.95918894,0.023593903,-0.051923547,0.027718011,0.037110064,819668
-1.8741941,0.24610001,1.2862587,-0.009773844,0.037491854,0.16661349,819078
0.2352438,-0.08288352,-0.043498993,-0.031154128,0.110795684,0.11407909,819948
-0.8597559,-0.46073592,1.4829407,-0.0720821,-0.041309763,-0.18585575,819814
0.5035486,0.65723157,0.104076385,-0.03604105,-0.02603813,0.018784106,820378
0.49549818,-0.3224486,-0.28625393,-0.0421497,0.091858864,-0.011759156,819956
0.6874827,-0.5229671,-2.0207057,-0.14355333,-0.13171782,-0.032528576,820235
0.6825018,0.40612948,0.08546734,-0.04337143,0.02649628,-0.11010846,819962
2.9649038,-0.78954136,0.72914314,-0.080634214,0.0332158,-0.27259862,819226
0.09657264,0.7689958,0.9011793,0.03359759,-0.03397938,0.00045814895,819103
0.5780432,0.28652018,-0.055532455,-0.009773844,-0.03642284,0.0053450707,820395
-0.107568026,0.18243346,-0.21881485,0.02076942,0.025885414,0.06154467,820089
-0.008349001,0.3195464,0.010907173,0.103847094,-0.027259862,0.41523564,819158
-1.9297379,-1.2642126,-0.71424484,0.03848451,-0.10789407,-0.014813482,819530
1.4621717,0.19028664,0.019376755,-0.25473082,-0.2795472,0.07620544,820709
0.17057967,-0.16267109,0.3609848,-0.016493361,0.0081703225,-0.07895433,820690
-3.2600253,-1.8040528,-1.0957422,0.13622294,0.029550606,0.020005837,819077
0.429775,0.16572022,1.0180378,0.007941248,0.025885414,-0.00076358154,819709
-0.8309836,0.2668237,-0.95008373,0.013439035,0.0045051314,0.007788532,819131
-0.32898903,-1.4762174,-0.1368103,-0.03481932,0.05459608,0.022449298,819166
-0.35404658,-1.6249917,2.0470276,-0.04886922,-0.12988523,0.00045814895,820133
0.90368176,0.52615875,0.25633144,-0.01160644,-0.16775887,-0.042913284,819559
-0.20424426,-0.48105913,0.6066246,-0.020158553,0.02893974,0.021227567,820326
-1.039784,-2.8241036,-0.61830235,0.050701816,0.03504839,0.0364992,818969
2.3832052,0.38911158,0.93846893,0.09468412,0.09980011,0.12873985,820151
-1.0657077,0.3390516,0.9315567,0.02076942,-0.038255434,0.107359566,819289
-0.13358808,-0.78651744,-0.9561529,-0.035430185,0.01366811,-0.028863383,820656
-0.46726334,0.7296582,-0.3391676,0.01160644,-0.05963572,0.1421789,820515
0.1409452,0.13936712,0.10826683,0.050701816,-0.003436117,0.14950927,819153
0.4972446,1.1376519,0.45851135,-0.040317107,-0.037033707,-0.05513059,819942
0.24583924,0.5459808,-0.98596954,0.015882496,-0.03642284,-0.021533,819648
0.6250701,-0.70501184,-0.7176924,0.05681047,-0.02603813,-0.12415836,820656
0.8467431,2.0884893,-1.419652,0.021991149,-0.02359467,-0.0154243475,819503
-0.27383327,-0.19851318,0.3475027,0.04886922,0.07047858,-0.014202617,819680
-0.59273684,-0.38324493,-0.051706314,0.059864793,0.42294782,0.01817324,819633
-0.008264542,-0.40694892,0.5835867,0.048258353,0.044211373,0.0096211275,820491
-0.38649452,-1.0110441,0.16748714,0.009773844,0.07231117,0.10430524,819537
0.6564187,1.0999731,0.7603731,0.0012217305,0.058872137,0.0010690142,820415
-0.318918,-1.1004881,0.020079613,0.1160644,0.12851077,0.05787948,819750
0.10078442,-0.7603293,0.3438549,0.00061086525,0.038713586,0.010231993,819162
-2.0090446,-1.4315765,3.2581158,-0.17104226,-0.33452508,-0.009315695,820547
0.3324808,0.8896878,0.0733099,0.06169739,0.11995866,0.01695151,819710
0.1883719,1.1215383,1.1861401,0.015271631,-0.07918341,-0.008093964,820532
0.5173269,0.78517073,0.7356615,0.0036651916,-0.00038179077,0.12812899,818955
0.33216763,0.229031,-0.76288986,0.05009095,-0.027259862,0.20326541,820361
0.75531936,-0.6337351,0.2117672,-0.055588737,-0.069409564,0.020005837,819873
1.4567086,0.8728392,-0.026351929,-0.0,-0.03642284,0.04627304,820682
1.4948661,0.1694566,-0.8069563,0.06536258,-0.12744176,0.21303925,819825
-0.41606975,1.2081785,1.2654114,0.029932396,0.010002919,0.072540246,820135
-0.15907931,0.07918048,-0.4790964,0.029321533,-0.00038179077,0.005955936,819835
1.0688744,0.12728131,-0.51081944,-0.07574729,-0.04802928,-0.22495113,819577
-0.1319629,-1.3077987,1.317419,0.023823744,-0.0107665,0.10980303,820521
2.8205495,0.39233154,0.44209194,0.09712757,-0.123165704,-0.1553125,820466
1.8526158,0.4592185,-2.669137,0.12767084,-0.0046578473,-0.1815797,820192
0.050664663,-0.8342931,0.5572138,0.042760566,0.16943875,0.02977968,819842
-1.8262528,-1.9713373,-0.06558609,-0.017104227,0.006337727,-0.03313944,820109
5.817379,-0.7782411,-0.95626926,-0.13622294,-0.2092977,-0.34162638,819086
-0.012907982,1.3544044,-2.1341357,0.004886922,0.068645984,0.012064588,820456
-0.3866067,0.6308368,0.70230675,-0.007941248,0.02649628,-0.02031127,820173
-0.23372355,-0.70615125,1.777812,0.01282817,0.1755474,0.1965459,819078
-0.45370403,-0.0003222227,-0.17109108,0.093462385,-0.026648996,0.5459608,820698
-0.62325954,1.0789804,-0.9542227,-0.002443461,-0.011377365,-0.00076358154,820117
-1.2232757,-1.8400444,-1.3135338,-0.03604105,-0.008933905,0.04138612,819001
-0.76054204,-1.2156209,0.24518871,0.0036651916,-0.012599096,0.031612277,820051
-1.4556322,0.71337044,1.7333565,0.0061086523,0.057039544,0.09086621,819882
-0.7362035,0.03974384,1.1384125,0.004886922,0.050320026,0.06704246,820156
-0.81936437,1.0068526,-0.6157026,0.029321533,0.16455182,0.10919216,819234
1.7302549,-2.6228223,0.27448463,0.076358154,-0.026648996,-0.4644103,819042
1.7217288,-0.13366394,-3.193983,0.059253927,-0.092622444,-0.11866058,819626
0.63686323,0.8200109,0.24030781,0.018936822,0.025274549,0.011453724,820494
1.7857258,-1.405952,-0.70132923,-0.080634214,-0.24228443,-0.08078693,819060
-0.43565893,-0.21406546,-0.52807045,0.017104227,0.035659257,0.051159963,819883
1.6608409,-0.21731701,0.0046281815,0.0061086523,0.18593211,0.0022907446,819597
-0.9213346,-0.3667531,-1.143342,-0.032986723,0.036270123,0.008399397,820578
-1.5929831,-0.5956075,1.650918,-0.009162978,-0.032757647,0.06337727,819609
1.1953621,-0.3053546,-1.145587,0.032375857,0.11629347,-0.0032070426,820506
0.42782307,0.2983324,-0.4097309,0.029932396,0.039935317,-0.0025961774,819686
1.6734303,0.747247,2.2794256,0.03359759,0.10529789,0.021227567,819035
-0.30077314,0.35090858,0.06987858,0.009773844,0.039935317,0.0047342055,820489
0.030257344,0.041704893,0.77029896,0.06291912,-0.022983804,0.19837849,818929
-0.41905308,0.0073490143,0.71127987,0.06291912,-0.044364087,0.27473664,820367
-0.8393153,-0.37363392,0.16396618,-0.018325957,0.13034338,0.0010690142,818984
0.816648,0.9263803,1.6271696,0.053145275,0.09246973,0.01695151,819530
0.53296757,-0.91458094,0.6440525,0.016493361,0.013057245,0.40485093,819973
-0.8456534,-0.22693452,0.3359728,-0.026267206,-0.04925101,-0.006872234,820334
0.49404955,-0.87849444,0.10840225,0.014660766,-0.046196684,0.0047342055,819471
-0.41459835,-0.396294,-0.89555454,-0.014660766,0.08391761,0.012675454,819741
0.05125618,0.70909864,0.99730015,-0.012217305,0.006337727,0.04138612,820590
-1.0659368,-1.3415139,-0.16043949,0.06352998,0.100410976,-0.07284568,819852
0.4552709,-0.3343501,0.90714836,-0.004276057,0.032604933,-0.016035212,820322
-1.6761099,0.44519907,-1.1847448,0.061086524,0.20670153,0.030390546,820222
-0.14271092,-0.23512238,-0.14333534,-0.01282817,-0.04192063,-0.01786781,820474
0.4757583,-0.087142825,0.18193054,-0.03970624,0.021609358,-0.001985312,818946
1.2364848,0.27756992,-1.1241846,-0.0030543262,-0.35834882,-0.00015271631,820078
0.8107934,0.6712768,-0.5605936,-0.02687807,0.047876563,-0.013591751,820498
-0.3611362,-0.4620783,-2.3462992,0.1685988,0.09246973,-0.0050396384,819109
1.1372234,0.3312367,-2.3106265,-0.03176499,0.06681339,-0.04718934,820579
-1.0196713,-1.1678065,-0.1697855,-0.06536258,-0.11217013,0.00290161,819260
-0.6353648,-1.1872847,0.56053543,0.05375614,-0.25572348,-0.13881913,819571
-0.5955801,-0.5374211,-0.2734022,0.018325957,0.025885414,0.025503624,819195
0.01773119,-0.84387124,1.650918,0.018936822,0.0173333,-0.036193766,820646
0.69282174,-0.13475057,-0.09157562,-0.10934488,-0.08651379,-0.006872234,819682
0.5679028,-0.25279564,-0.7957125,-0.015271631,0.01488984,-0.027030786,820497
-0.85550624,0.6281711,3.0839968,0.06352998,-0.017486017,0.24297164,819617
-1.0880544,-0.9258491,-0.22787666,-0.020158553,-0.14454599,-0.028252518,819732
-0.41004515,0.14618373,1.7964268,0.02565634,0.11385001,-0.13271047,819604
1.3609157,0.31068325,-0.9492445,0.065973446,0.02649628,-0.16142114,819273
0.24594927,-1.6599534,-1.0632582,0.01038471,0.051541757,-0.08628472,820181
1.9337423,-0.28091642,1.7715645,-0.018936822,0.03810272,0.013286319,820423
1.0494136,-0.8082411,1.5076122,-0.10140363,0.04482224,0.020005837,819114
0.39127564,-0.35605434,0.42989922,-0.026267206,-0.025427265,0.0041233404,819470
-0.3181169,-0.5700832,-0.13907528,0.01038471,0.010613783,0.0065668016,820087
1.676594,0.28232086,-1.5144024,0.049480084,0.295277,-0.045356743,820142
0.29106045,-0.07774362,-2.3864107,0.10262536,-0.016875152,0.076816306,820091
-0.52515876,-0.5363057,0.47673893,-0.029932396,-0.0071013086,-0.030085113,820685
0.3533249,0.81591773,-0.06632328,0.03481932,0.11140655,-0.065515295,819525
-2.355932,-0.36171854,0.1557045,-0.01282817,-0.07368562,0.13423763,819231
0.03171277,-0.29809391,1.828145,0.0067195175,0.08636107,-0.009315695,819566
-1.054935,-1.1766479,0.49060535,-0.05497787,0.12118039,0.04016439,819557
-0.7165037,-0.87148637,-0.19602108,0.021380283,-0.011377365,0.01572978,820321
-1.2310919,-0.798332,0.097088814,0.100792766,-0.07490735,0.21975878,819825
0.4132259,0.43629205,0.3451252,0.017715093,-0.082237735,-0.00015271631,819953
1.1176603,0.4024839,1.1144695,-0.01038471,-0.25328,-0.016035212,819204
0.84204435,-0.059437633,-0.7957163,-0.021380283,-0.000992656,-0.018478673,819839
1.9446377,0.7584289,-0.10093212,-0.06414085,0.5066364,-0.039858956,819594
2.045285,0.27950585,-1.9728684,0.081855945,-0.17814358,-0.3184135,819575
0.60493135,0.20068888,0.9681606,-0.028710667,0.0081703225,0.012675454,820394
1.2475479,-0.8044581,0.0065689087,-0.10934488,-0.19402607,-0.13332134,819037
0.40151381,0.9170625,0.058179855,-0.11728613,-0.31619912,-0.058184914,820563
-0.014166832,0.048858434,0.08899784,0.043982297,-0.0071013086,0.17150041,820023
-0.52820647,0.056512475,-0.6378565,-0.0012217305,-0.03153592,0.026725354,819335
-1.2633915,1.5176446,-1.432641,0.11178834,0.11690433,0.15928312,820242
0.40866125,-1.7092754,-0.39151096,-0.02565634,-0.06574437,-0.047800206,820099
1.0482498,0.33195382,-0.6767492,0.01038471,-0.08407033,0.03894266,818976
-0.4794438,0.1088447,0.4065857,-0.014049901,-0.000992656,0.010842858,819714
-0.058208585,0.2877192,0.13508606,0.0036651916,0.014278975,-0.0032070426,820065
0.52562046,-0.77669555,-1.1794863,-0.01038471,-0.23128885,-0.025809057,819177
0.033029556,1.7862042,0.6293545,0.03970624,0.07964156,0.094531395,820212
-0.68288076,-1.2625988,-0.45692158,0.030543262,-0.15187638,-0.0777326,820185
-0.38405144,1.387459,1.4735928,-0.0018325958,0.010002919,-0.001985312,819004
0.93766165,0.2625809,1.0231161,0.017104227,0.07780896,0.020616703,819729
0.45036912,0.9460512,-0.4000311,0.09773844,0.020998493,0.0047342055,820221
0.0049750805,-0.32038093,0.0900383,-0.014660766,0.020387627,0.0047342055,820457
-0.6030406,-0.19875622,1.0159712,-0.0030543262,0.06803512,0.00290161,820552
0.75738215,1.002537,0.46182442,0.0061086523,0.0008399397,-0.00992656,820534
-1.0670443,-2.0689278,-1.2740755,-0.007330383,-0.070631295,-0.044135015,819125
0.50708544,0.7596313,0.38577557,-0.040927973,-0.05719226,-0.013591751,820289
-0.52100694,-0.1930548,1.84445,-0.0067195175,-0.020540344,-0.012980887,820536
-0.7882068,1.0578358,-0.92225075,0.032986723,0.019776762,0.019394971,820538
-0.1535461,-0.45745444,0.7715378,-0.05681047,-0.16042848,-0.04230242,819910
1.8053033,-1.1719004,-1.3778887,0.061086524,0.088804536,-0.02275473,819804
-0.18785238,-0.5342858,0.26807117,-0.028710667,-0.005879578,-0.08933904,819930
-0.43276417,0.11108458,0.43812275,-0.007330383,-0.0071013086,-0.03313944,820632
-0.43341506,0.49537763,-1.0287886,0.042760566,0.05337435,0.024892759,820491
0.3042016,0.7947527,-0.6121235,-0.018325957,0.04848743,-0.05085453,819637
-0.43719137,0.08613825,0.321167,0.106901415,-0.09445504,0.19226983,820360
1.3473023,0.53590846,-0.96384525,0.03176499,0.05642868,-0.001985312,820432
0.9583874,0.27557015,0.43683624,-0.017715093,-0.081016004,-0.00015271631,820542
1.3179681,-1.3137071,0.62645817,-0.07086037,-0.16042848,-0.13515393,819780
-0.07097256,-0.44181967,-1.7048359,-0.04886922,-0.03520111,-0.039858956,819108
0.26696587,-0.16968465,0.44184017,-0.010995574,0.012446379,0.010842858,820511
0.55472255,0.015334725,-0.89317703,-0.056199603,-0.037644573,-0.03313944,819918
-0.75031525,-0.36585557,-0.80261326,0.019547688,-0.11400273,0.11591168,820520
0.18666792,0.6985815,0.20680046,-0.032375857,-0.06574437,-0.06307184,820665
0.21467853,0.3236666,-0.4600687,0.040317107,0.059483003,-0.02397646,820442
0.083553314,-0.2759177,0.71621895,0.021380283,-0.04680755,-0.0050396384,820389
0.63460267,0.41981322,-0.29195023,-0.009162978,-0.038255434,0.02855795,819939
-1.0908573,0.25648177,-1.2936211,-0.07880162,-0.009544769,-0.07223482,819045
-0.26384223,-0.25796366,-1.2468576,0.059253927,-0.018707749,-0.026419923,820603
-0.052699924,-0.26864004,0.4234333,0.004886922,-0.0064904434,0.08597928,819477
-0.3061285,-0.15432215,0.377779,-0.017715093,-0.015653422,-0.08506299,820689
1.0699205,0.15079647,0.42113686,-0.034208454,0.018555032,-0.014813482,819169
-0.17850113,0.1488623,-0.8773632,-0.007330383,0.04665483,-0.039858956,820041
-0.48980236,0.8907536,0.89194775,-0.028099801,-0.1567633,-0.03436117,819629
0.75713503,-0.99783885,-0.5463581,0.0030543262,-0.03153592,0.008399397,819327
0.25318575,0.508708,0.2457695,-0.018936822,0.03443753,0.0010690142,819466
-4.854163,-2.2235918,-0.46277046,0.040317107,-0.009544769,0.21120666,819055
-0.29171085,-0.30647177,0.22200298,-0.10567969,0.059483003,0.025503624,819748
3.496691,-0.9087044,1.3056288,-0.12461651,-0.25816694,-0.18402316,819085
-0.6537423,1.1101812,0.3085518,-0.035430185,0.011224649,0.005955936,819726
0.114050865,0.16494894,0.5379839,0.048258353,-0.042531494,0.1965459,819692
1.6321764,1.561676,1.3779058,-0.08857546,-0.118889645,-0.058184914,820183
0.20421934,-1.4547302,-1.0983181,0.14844026,-0.3308599,-0.09728029,820141
-0.07719946,-0.21849874,-0.8224106,-0.019547688,-0.04680755,-0.04841107,820581
-0.049256086,-0.33546615,0.19199276,0.014049901,0.01488984,-0.111941054,820460
-0.0751853,0.066630185,-0.20616627,-0.018936822,-0.029092457,0.00045814895,819696
0.89893186,0.6646396,0.013401985,-0.16371189,0.04298964,-0.039858956,819065
0.3299253,-1.2381232,0.83000183,-0.004276057,0.25495988,-0.1479821,819578
-0.0056078434,0.39072704,0.34460354,-0.02565634,-0.016875152,0.011453724,820542
-0.17835557,0.19770789,-0.5090542,-0.020158553,-0.018707749,0.0022907446,820340
0.5065814,0.14466262,1.5063877,0.10995574,0.019165898,0.20143281,819826
0.91752493,0.044701815,-0.60933876,0.018936822,-0.027259862,-0.013591751,820429
1.627387,0.6227335,0.23298359,0.020158553,-0.041309763,0.008399397,820529
2.6265702,-1.3666623,-0.7952213,-0.06780604,0.06681339,-0.22250767,819220
0.929137,-0.14095223,0.4671259,0.007941248,-0.013820826,-0.009315695,819329
0.024869919,-0.0064222813,0.056876183,0.0061086523,-0.0046578473,0.035888333,820363
-0.46302783,-0.085856855,-1.9277015,0.049480084,0.17982346,-0.00076358154,819190
-0.36210477,0.7732166,2.170515,-0.05681047,-0.19341521,-0.038026363,820186
0.09120083,0.57787377,-0.45955086,-0.013439035,-0.024205536,0.0035124752,820582
0.2971878,-0.8020054,-0.8657465,-0.019547688,0.12056953,-0.11010846,819572
-0.17916203,-0.4232375,0.06273937,0.09285152,-0.03214678,0.40424007,819966
0.21083403,0.18195724,-0.14693165,-0.030543262,-0.010155635,-0.101556346,820689
0.75503814,-0.77628016,0.9799986,-0.084910266,0.010613783,0.05421429,820524
0.5898709,0.11527158,-1.3307095,-0.027488936,0.01488984,-0.059406646,820122
-0.3010174,-0.2029729,0.8208046,0.00061086525,-0.059024855,0.150731,820071
4.815342,-0.8147707,0.28355694,-0.07574729,-0.034590244,-0.20051652,819085
0.035577536,-0.037776053,-0.5749264,0.029932396,-0.040698897,0.37980548,820353
-0.86886,-0.85001606,-0.27031898,0.106901415,-0.17997618,0.035277467,819277
3.6753874,-0.36318064,-2.0571446,-0.02443461,-0.12805262,-0.22311853,819068
1.5527933,0.9525164,0.22208309,-0.03970624,0.07231117,-0.06246097,820049
-0.11063114,-0.09544635,0.97748566,-0.025045475,-0.049861874,0.24602598,819967
-0.47322953,-0.99438447,-1.1353054,-0.077579886,0.01488984,0.0035124752,819206
-0.7067503,-0.5553771,0.11668968,0.05681047,0.019165898,0.06093381,820528
-1.9091166,-0.43390286,-0.670372,-0.1563815,0.1474476,0.046883907,819655
-0.94467235,-0.86276335,0.40301418,0.015882496,-0.044364087,0.020005837,819499
-0.18791008,-0.4022987,0.08600712,0.032375857,0.07231117,-0.018478673,819485
-0.0060374737,0.07551847,-0.06648922,0.026267206,-0.0022143866,0.07376198,820025
-0.78175616,-0.3934726,0.05089283,0.06169739,0.11873693,-0.021533,819796
-1.1278166,-0.13293207,0.5485935,-0.1777618,-0.24839307,0.02733622,820570
2.4159982,0.16665208,0.86100006,-0.21135938,-0.21540636,-0.01786781,819264
-0.4718988,0.20183578,0.037762642,0.005497787,0.06498079,0.0053450707,820133
-2.6389287,0.322896,-0.24575996,0.042760566,-0.115835324,0.0926988,819278
0.93883204,0.6934708,0.62614536,-0.03481932,-0.077961676,-0.03313944,819660
0.6043947,-0.24893951,0.6301222,-0.0036651916,-0.017486017,0.10064005,820521
0.6412864,-0.47949192,-1.2457132,0.036651913,0.16210836,0.055436023,820295
-1.457096,-1.4052304,0.7262058,0.0012217305,0.06742425,0.07742717,819047
-0.23683774,0.01000613,-0.77846813,0.0012217305,-0.030314188,-0.00870483,820430
0.42364883,-0.3733074,-0.52657986,-0.017715093,-0.054748796,0.0022907446,819660
-1.3398659,1.0512261,-1.1706514,-0.0067195175,-0.04314236,0.02611449,819295
1.0878785,0.6190006,-0.3240757,0.0421497,-0.11950051,-0.2359467,819628
1.0686877,-1.4868865,3.4781437,-0.12705997,-0.017486017,0.033444874,819064
1.1183195,0.5342161,-2.0034504,0.059864793,0.19020817,0.079870634,820089
0.22180605,-0.6727226,0.85983753,-0.007941248,-0.037644573,-0.0062613687,820424
-0.7138579,-0.65297484,-0.16401482,-0.14782938,-1.309466,0.5172501,820706
-1.028795,0.36676383,0.26564598,0.040317107,0.09369145,0.15378532,820483
0.7945143,-0.2610454,0.36588,-0.027488936,0.087582804,-0.0062613687,819101
0.652884,-0.7551819,-0.2515192,0.010995574,-0.037644573,-0.026419923,820541
-0.46219754,0.77784276,1.4070444,-0.08674286,-0.1793653,0.11530081,820210
-0.0010259151,-1.0312746,0.7275667,-0.0421497,-0.015653422,-0.08750644,820468
0.6613252,0.3816893,0.2083168,-0.01038471,0.005726862,0.01450805,819519
-0.6956637,-0.91476995,-0.018183708,0.0030543262,0.03504839,-0.00015271631,820298
-0.10675931,0.46166867,-0.20333004,0.023823744,0.008781188,0.0022907446,818941
2.0861988,-0.14800438,0.8399153,0.069027774,-0.047418416,-0.15653422,820072
-0.002841711,-2.2712922,-0.70865726,-0.018325957,-0.124387436,-0.0025961774,819247
0.93918085,-0.5673124,-2.4414558,0.022602014,0.16821702,-0.08384126,820182
-0.47601402,-0.08660054,-0.13326263,-0.02687807,0.022831088,0.00045814895,819841
0.9116926,2.0535505,1.0482016,0.004886922,-0.13477215,0.05971208,818979
-0.25949,0.24186373,0.4891119,-0.013439035,-0.04314236,-0.026419923,819461
0.7816837,0.07927972,0.28336716,0.014660766,-0.11766792,-0.0355829,819655
0.938782,0.3373572,-0.89846134,0.002443461,0.044211373,-0.10338894,820139
0.19554067,0.20173633,0.47668648,0.004886922,-0.07246389,-0.0038179078,820405
5.3406696,1.9441955,1.9685249,0.03176499,-0.088346384,-0.17913623,819275
1.6635046,-3.2514997,-1.3943243,0.043982297,0.17249307,-0.0038179078,818974
-0.61443186,0.09213269,-0.41369343,-0.05497787,0.014278975,0.060322944,820145
-0.12364054,-0.50624156,-0.5001211,0.020158553,0.020387627,0.10308351,820527
0.17355144,-0.4140643,1.1663599,0.028099801,-0.02603813,0.13607024,818956
-0.24464941,0.7398682,-0.19117928,-0.014660766,-0.04375322,-0.042913284,819908
-0.35322022,0.20284384,-0.893631,0.040927973,0.080252424,0.005955936,819244
0.42235708,0.8149214,-0.6994982,-0.0012217305,0.020387627,0.02611449,820659
-1.6923156,0.512515,-0.43820477,-0.030543262,0.033826664,0.046883907,819521
0.23491883,0.21158782,-1.0844393,0.04886922,0.28183794,0.040775254,819675
-2.0933359,0.30168903,-0.43927574,-0.18936823,-0.111559264,0.046883907,819586
-0.7018819,-0.36728325,-1.4942484,0.013439035,-0.005879578,-0.011759156,820288
-0.17884827,0.5249492,-0.16750431,-0.01282817,-0.07246389,-0.020922136,820547
-2.2906175,-1.6155488,-1.0248919,0.02565634,0.010002919,0.11102476,819017
0.22804022,-1.0950255,1.1202707,-0.02321288,-0.04008803,-0.018478673,819531
0.5344007,-0.4052999,-0.6261101,-0.07086037,-0.011377365,-0.2133447,819784
-0.58102226,-0.68702346,1.3265572,0.0061086523,-0.09750936,0.0926988,820212
1.3041708,-0.800884,0.65757275,-0.02321288,0.051541757,-0.007483099,819175
-0.26469254,0.30923533,0.09664917,-0.029321533,-0.09873109,-0.02275473,820276
2.3999114,-0.19727707,-0.6239176,-0.06841691,0.0045051314,-0.14187345,819271
0.4815172,-0.7412985,-0.31758022,-0.0067195175,-0.014431692,0.013286319,819954
0.35000563,-0.07833359,-0.16588783,0.014660766,0.0075594573,-0.0032070426,820116
-1.3626134,-1.1720281,0.37956238,-0.005497787,-0.060246583,0.13179417,819772
0.10786915,0.56479365,-0.7878208,0.034208454,0.008781188,0.075594574,819553
0.6708268,-0.49930662,-0.97382736,0.014660766,-0.048640147,-0.0032070426,819646
0.055255055,0.20292711,1.0947285,0.040317107,0.04482224,-0.012980887,819836
-0.35437465,-0.41888025,-0.48766422,0.0030543262,0.029550606,-0.004428773,820271
1.041501,-0.05662006,0.8382416,-0.015882496,-0.022983804,-0.06795876,819462
-0.19733286,-0.9839571,0.49422073,0.049480084,0.21036673,-0.046578474,819223
0.21753371,-0.50912434,-0.31972027,-0.022602014,-0.21662809,-0.036193766,820095
-0.18712592,-0.27273813,0.36082077,0.0030543262,-0.008323039,0.00290161,819704
0.77557445,-1.0661643,1.050662,-0.052534413,0.14500414,0.03772093,819739
0.4562893,-0.759443,-0.87909985,0.05497787,-0.008933905,-0.023365596,820297
0.07136154,0.29595637,0.14425755,-0.018936822,0.022831088,-0.036193766,818945
-0.1287756,-0.21688896,0.095570564,-0.01282817,0.019165898,0.005955936,820376
0.8925923,0.533593,0.14946175,0.100792766,0.50174946,-0.14004086,819069
2.2514575,0.54577523,0.69600487,0.013439035,0.17432567,-0.08811731,819224
-0.047108054,-0.34236908,1.3914223,0.010995574,-0.06574437,0.010842858,819123
0.3686142,0.07964346,-0.13581085,-0.007941248,-0.0016035213,-0.0062613687,819938
1.5052818,-0.6110288,-0.20638561,0.026267206,0.0008399397,-0.017256944,820228
1.5820367,-1.7135837,-0.008264542,0.4129449,-0.91362536,0.15806139,819360
-0.30517817,-0.11809367,-1.3159714,0.047647487,0.07841983,0.065209866,820244
-0.45077062,0.75125635,0.48800087,-0.01160644,-0.07735081,0.050549097,819489
-0.07155275,-0.3631128,-0.22459507,-0.016493361,0.033826664,-0.08811731,818998
-0.8651941,-1.6534585,1.3917389,-0.05375614,0.050320026,-0.052687127,820125
1.2343167,0.78144777,0.7781935,0.023823744,0.032604933,-0.009315695,819129
-0.9598229,-0.69952655,1.0010061,0.06291912,0.06009387,0.0035124752,820640
-0.55619514,0.29711863,-0.6398382,-0.0067195175,0.0032834008,0.033444874,820680
0.57405376,0.8923614,-0.96689224,0.016493361,0.16027577,-0.013591751,819267
1.0404437,-1.0282052,0.3243227,-0.06291912,-0.11522446,-0.15225816,819815
0.8198571,-1.4832915,1.3131723,-0.027488936,-0.19402607,-0.063682705,819102
0.005259514,0.2763666,-0.50462246,-0.01282817,0.0026725354,-0.0025961774,819848
0.45189166,0.13886994,-0.9213314,-0.05497787,-0.052916203,-0.028863383,819329
-1.301793,-0.68279976,0.394907,0.018325957,-0.04925101,0.0010690142,820476
1.0071027,0.7008102,-1.3885078,0.008552114,0.03504839,-0.14492778,820657
0.52842486,-0.8671797,0.68254757,0.0067195175,-0.11522446,-0.03436117,820607
0.09001076,-1.1079986,0.5812998,0.0012217305,-0.096898496,-0.031306844,819164
-0.13826692,0.26328838,0.3175602,0.055588737,-0.009544769,0.14401148,820449
-0.9739357,-1.7283537,0.80455875,0.07452556,0.087582804,0.01695151,819050
-0.22018158,-0.057243943,0.16323662,0.015882496,-0.034590244,-0.05024367,820341
0.16994786,0.03675145,-1.3211613,0.036651913,-0.052305337,0.06337727,820145
0.11034429,0.17756435,-1.8271685,-0.009773844,-0.021762075,-0.016646078,820408
0.35444498,-0.043043405,0.28058052,-0.005497787,0.12484559,-0.00076358154,819913
0.6404054,0.049428344,0.22680283,-0.04642576,-0.11522446,-0.16508633,819443
-0.2413969,-0.4836378,0.027357101,-0.010995574,0.024663685,-0.10094548,820143
0.96638954,-0.5313511,-0.23504448,-0.023823744,0.013057245,-0.008093964,818974
0.61787283,1.40714,-0.47439384,0.019547688,0.010002919,-0.05879578,820624
-1.0081934,1.4731398,-1.00599,0.04520403,-0.03520111,0.17760907,820243
-0.19589114,0.011025846,0.5345192,-0.017715093,-0.022372939,-0.09117164,820562
-0.09365237,1.2392893,-0.89145565,0.013439035,-0.05352707,-0.00076358154,820621
0.6853876,0.3869141,0.02509594,0.014660766,0.019165898,-0.00870483,820267
1.2144837,-0.7805875,0.536746,-0.02443461,0.17310394,0.0096211275,819894
2.0560093,2.0324159,0.19534111,-0.04520403,-0.07918341,-0.006872234,819115
0.23397672,-0.97303367,0.41544724,0.0036651916,-0.044974953,-0.008093964,819137
0.5525737,0.16327924,1.1910896,-0.002443461,-0.06452264,0.018784106,819632
1.0530214,0.17144755,3.0846043,0.017104227,-0.05047274,-0.029474247,820179
0.82261133,0.489546,-1.645875,0.0030543262,-0.06818783,-0.00076358154,819796
-0.85095656,-0.5116042,-0.5314188,-0.037873644,-0.009544769,0.1067487,820574
0.93396115,-1.8371671,0.7110243,-0.13072516,0.04970916,-0.05757405,819091
-0.21719837,0.4067191,-0.16383648,0.013439035,-0.057803124,0.012675454,820118
-1.4328771,0.6009126,1.6134224,0.08002335,0.5939901,0.0016798794,820187
0.21051669,-0.1983946,0.43303585,0.05131268,0.022831088,-0.05879578,820629
0.5356431,0.76722914,0.33683014,-0.0012217305,0.04176791,0.010842858,819746
-0.68822646,0.51058185,0.5740795,0.023823744,-0.027870728,0.0364992,820480
-0.4393046,-0.014091283,-0.16144276,-0.06536258,0.0753655,0.041996986,820272
-0.59305835,-0.48113045,0.67144585,-0.04153884,-0.009544769,-0.08689558,819462
0.66300416,-1.3959627,-0.7535429,-0.057421334,0.0735329,-0.16264287,819323
-0.004359007,0.44323105,0.37101364,0.09407325,0.16943875,0.012064588,819831
-0.3579247,-1.3790075,-0.050811768,-0.02687807,-0.021762075,-0.014202617,819717
-0.3626132,-0.27319348,-0.17323685,0.0036651916,-0.018707749,-0.0062613687,820410
0.482419,-1.0404449,-1.204546,-0.009773844,-0.10361802,-0.03313944,819769
4.5177383,-0.40161198,-3.821918,-0.0,-0.07612908,-0.29642236,819068
0.20416236,-1.1864475,0.031777382,-0.040317107,-0.024816401,-0.018478673,819863
0.25468397,0.07739073,-0.5703707,0.032986723,0.1914299,0.021227567,820312
-0.67828333,-0.068626046,-0.16756248,0.004276057,-0.029703323,-0.00992656,820616
-0.5453603,0.18243611,1.0835781,-0.023823744,-0.020540344,0.039553523,818960
-0.59557295,0.002704613,1.1347857,0.015882496,0.045433104,0.01695151,819723
-0.7377111,-0.56948584,3.2838535,-0.10751228,-0.371177,-0.04046982,819606
0.14650059,0.39404964,-0.08786774,0.025045475,0.32398766,0.41157046,820517
0.6713352,0.40679544,1.2435808,0.15210545,-0.05352707,-0.028863383,819654
0.193429,-0.39397347,0.55176735,0.010995574,0.011224649,0.012064588,819935
-1.0272751,1.2501328,0.8923235,0.009773844,-0.07918341,0.10980303,820527
-0.35366762,-0.21990618,0.047150612,0.010995574,0.0051159966,-0.011759156,819937
-0.17154813,1.3963978,0.44378376,0.13500121,0.4815909,-0.018478673,820103
-0.52536297,0.023317337,-0.123402596,0.0061086523,0.11629347,-0.02031127,819013
-0.15936017,0.9277337,0.3728466,0.009773844,-0.016264288,0.043829583,820033
0.15857315,0.9741897,1.4974918,-0.028710667,0.0313832,0.0071776668,820639
-0.11461949,0.07012132,-0.056479454,-0.03726278,-0.019318614,0.020616703,820333
0.120620966,0.44279224,2.0037746,-0.08307768,-0.092622444,-0.13698652,820188
1.1424426,-0.4442621,0.5359278,-0.0580322,0.0075594573,0.069485925,819027
0.10609293,-0.6496707,0.6239996,-0.014660766,-0.06330091,-0.007483099,819718
-0.4206674,-0.6438843,1.336545,-0.03970624,-0.12072224,-0.014202617,820614
0.45029378,-1.9356265,-0.29985237,0.013439035,0.019165898,-0.061239243,819031
-0.29372823,-0.5013943,-2.119565,-0.048258353,-0.052305337,-0.0025961774,820238
-1.8717554,-0.11918035,1.5869741,-0.023823744,0.014278975,0.035277467,820571
0.5195503,-1.378863,1.4213295,0.01038471,-0.026648996,0.013286319,819113
-0.025179863,0.08509439,-0.8476181,0.048258353,0.12912165,-0.074067414,819556
3.0621212,-2.3077214,-0.40741634,-0.06291912,-0.45791987,-0.24022275,819066
1.0774217,0.49176192,0.43785477,0.02687807,-0.015653422,0.1085813,820528
0.3390913,-0.13073653,-0.24275208,-0.017715093,-0.05841399,-0.028252518,820640
-0.27300012,2.6157641,-0.75008774,0.045814894,-0.22579107,-0.041080687,819483
0.5905411,-0.3416168,-6.1069818,-0.01160644,0.03932445,-0.08200866,820561
0.42414403,0.0016209483,-0.18920994,0.007941248,-0.0022143866,-0.025809057,819809
1.0741574,-0.16921145,-1.099535,0.08368854,0.112017415,0.084146686,820253
2.3941886,-0.27812278,-0.7765055,-0.1459968,-0.00038179077,-0.2591596,819044
-1.5263793,-1.24536,0.023827553,0.00061086525,0.21036673,0.03894266,819014
-0.008909464,0.9147516,0.13369083,-0.03848451,-0.092622444,0.0010690142,819727
-0.90159416,-1.1572151,0.5480852,-0.06352998,-0.047418416,-0.065515295,820562
0.9877181,-0.63710517,0.027251244,-0.11178834,-0.14637859,-0.11682798,820229
1.0734231,-2.0182786,0.9786258,0.11789699,-0.86964303,0.04016439,819977
-0.3389696,-0.19042885,0.12000656,0.06414085,0.01366811,0.008399397,818947
0.051279187,-0.38928592,0.17602348,0.01038471,0.020998493,0.007788532,820358
0.1260624,1.1943077,-0.23908043,0.0036651916,0.07414377,-0.03313944,819525
-0.5446706,-0.15254834,0.17866135,0.14049901,0.14683673,0.20631973,819081
0.1862166,-0.039699197,-0.111787796,0.009773844,0.15783231,0.035888333,820647
-0.8119879,-0.32164925,2.8195963,-0.045814894,-0.13355042,-0.017256944,820199
-0.7983649,-0.42868817,-0.7176609,0.050701816,0.0020616702,-0.05390886,820558
0.5813303,0.12368542,-0.74756145,-0.0842994,-0.06330091,-0.20540343,819791
0.25196242,-0.49622744,1.0163412,0.0036651916,-0.035811976,0.013897184,820169
0.24878335,0.6247032,-1.0585718,-0.02565634,-0.17325665,-0.030085113,820270
0.076485574,0.029252887,0.44935703,-0.007941248,0.005726862,0.1928807,820701
-1.587786,-0.4194123,-0.39874363,0.013439035,0.14011721,0.04016439,820079
-0.107558966,0.21558958,-0.3532467,-0.014660766,0.009392053,-0.10949759,820694
-0.23506236,0.20627618,0.07925606,-0.02443461,0.0075594573,-0.016646078,820028
1.8323736,-0.21819359,-0.31297302,0.03481932,-0.013820826,-0.04046982,819532
-0.6991248,-1.7762189,0.7733183,0.017715093,0.05093089,-0.0355829,820184
0.20120311,-0.21870226,0.16296577,0.07269296,-0.014431692,0.30589077,820351
-0.73564553,-0.777085,1.9971027,0.029932396,-0.06452264,0.19349156,819618
0.9895625,-1.201403,0.3167019,0.026267206,-0.033368513,-0.12415836,819856
0.7041602,-0.70066816,-1.3909388,0.047647487,-0.13538301,0.06582073,820247
-3.148634,1.1045313,1.703558,-0.13316862,-0.070631295,0.13545936,820209
-0.019998074,-0.06565714,-0.080818176,0.004886922,-0.005879578,0.00045814895,819510
0.07425785,0.08008158,0.05009842,-0.03481932,-0.2270128,-0.09117164,820027
0.94004035,-0.67403543,0.78592205,0.02076942,-0.11522446,0.19837849,820451
0.73395276,1.0395317,-1.0129576,0.023823744,0.05093089,0.020616703,819491
0.62962914,0.006823182,-0.0978241,-0.016493361,0.04054618,0.021227567,820487
-0.19558644,0.19518718,0.087747574,-0.013439035,-0.019929478,-0.012980887,820609
-0.18858671,-0.185781,-0.765398,-0.017104227,-0.15981762,-0.013591751,820438
0.0625273,0.010751665,-0.3944168,0.017104227,-0.04925101,0.15806139,819479
0.645782,-0.007320881,0.110785484,-0.031154128,-0.037644573,-0.001985312,820130
0.26119065,0.69826245,-0.4643879,-0.026267206,0.008781188,-0.1516473,819792
0.3420905,-0.05575466,-0.2902956,-0.004886922,-0.032757647,-0.0013744468,820063
-0.47682357,-0.6164055,-0.35845566,0.0018325958,-0.093844175,0.055436023,819007
0.5959897,0.26041952,-1.6584563,0.007941248,-0.076739945,0.00290161,820474
0.038334966,-0.10020447,-0.9165325,-0.002443461,-0.0388663,-0.044745877,820543
-0.28315568,-0.15048343,0.59483624,0.020158553,-0.052305337,0.039553523,820369
0.8873234,0.48902535,-0.32242775,0.004276057,0.04970916,-0.0013744468,820302
1.0051239,-0.7831391,-0.8737116,-0.05497787,-0.07429648,-0.025198191,819310
1.682023,0.06318988,-0.07340145,0.0018325958,0.035659257,-0.25244007,819627
0.031846166,0.79388046,0.62526226,-0.050701816,-0.2514474,0.13118331,819023
-0.6661689,-1.4864056,0.60349274,-0.034208454,0.030161472,0.021838432,819653
-0.3090359,0.6668713,-0.39921665,0.070249505,0.064369924,0.023060163,820576
1.1170046,-0.5657931,-0.05392933,-0.021991149,-0.04925101,-0.030085113,819956
-0.077744246,0.11490173,0.5898495,-0.004886922,0.022831088,0.032223143,820672
-0.5429692,-0.52510625,2.250723,-0.018325957,0.05093089,0.11591168,819615
0.43104494,-2.8695579,-0.15500546,-0.014049901,0.02893974,0.010231993,819139
-1.006494,-2.9681225,-1.4818506,-0.047036625,-0.120111376,0.013286319,819176
-0.15378702,0.39732587,1.1860237,0.004276057,0.13278683,0.012675454,819847
-0.41658747,-0.7774173,-0.22816372,0.20219639,-0.15065464,-0.085673854,819111
0.060124636,-0.24605367,-0.68690014,-0.02321288,-0.07002043,-0.014202617,820334
0.24612164,0.31444082,0.98935986,-0.0,0.021609358,-0.13087788,819905
0.2874062,0.4011113,-1.0667648,-0.05375614,-0.04314236,0.021227567,820397
-0.098291874,0.5860009,0.061553,-0.03176499,-0.00038179077,0.025503624,820678
-0.5665777,-0.49451128,0.32802868,0.04520403,0.20975585,0.015118915,819863
0.68583107,-2.0720568,1.6833868,-0.065973446,0.051541757,-0.016646078,819207
-0.7428881,1.0909653,-0.90480137,0.007941248,-0.10178542,-0.012980887,820128
0.5302553,0.8798573,-0.19116116,-0.034208454,0.013057245,-0.17363845,819943
0.57280064,-0.39219892,0.0018615723,0.03176499,0.006337727,-0.028252518,820489
0.7580712,-0.17841494,0.41372585,0.053145275,0.011835515,0.013286319,820591
-0.28894293,1.518752,-1.2728481,0.07941248,0.12118039,0.029168816,819295
0.016262531,-0.45781517,-0.8886137,0.02321288,-0.065133505,-0.033750303,819749
0.74599206,2.862759,-0.42494106,0.0036651916,0.04482224,0.0053450707,819328
0.06075263,0.5872914,-0.009401321,-0.03176499,-0.10483975,-0.00870483,820509
-1.5949758,1.7287858,-1.415349,-0.0012217305,-0.09750936,0.05299256,819289
0.4576273,0.8631706,-0.73982143,-0.0036651916,0.04482224,0.032223143,820327
0.12829947,0.3907208,-0.84582806,-0.004276057,0.0020616702,0.057268616,819451
0.06641936,0.40992236,0.47388268,0.035430185,-0.027870728,0.3089451,819706
0.6671215,0.5059458,-1.162983,-0.01038471,0.053985216,-0.041080687,820554
-0.0019230843,-0.42363125,-0.48093033,0.05131268,0.008781188,-0.041691553,820585
0.14557838,1.1396226,1.600152,0.11728613,0.0045051314,-0.07040222,819020
1.77951,-1.4092615,0.20986652,0.020158553,-0.0071013086,0.09941832,819147
-0.5349903,-0.53946996,0.6365881,0.05497787,-0.017486017,0.12996158,819823
0.10807514,-0.14284205,0.10043812,-0.017715093,-0.040698897,0.00045814895,820508
0.7709403,1.0328068,-0.49947166,-0.12522738,0.41011965,-0.025809057,819927
-0.06986427,0.14856672,-0.2564926,0.009162978,0.0081703225,-0.061239243,819957
-0.87206733,-0.27888,-0.084186554,0.029321533,0.006337727,0.16966783,820450
-1.1256562,0.9953763,-0.7741089,0.04886922,0.0313832,0.050549097,820594
2.6463747,0.44092137,-2.1308627,-0.06047566,0.016111571,-0.049021937,819810
-0.56452703,-0.21532169,0.98799706,-0.014049901,-0.051083606,0.046883907,819182
0.35287866,0.9651164,0.90021515,0.047647487,0.025274549,0.18066339,819256
-0.9406593,-0.892424,-0.028946877,-0.02565634,0.0081703225,-0.034972034,820667
-0.12877202,0.41349262,-0.45371342,0.058643065,0.32276592,-0.0025961774,820266
0.2833004,-1.1724802,0.20745277,-0.020158553,0.05093089,-0.059406646,819583
-0.14537215,-0.021732152,0.35713196,-0.050701816,0.006948592,0.0010690142,820296
-2.41249,-0.38383597,-0.26286125,0.06536258,-0.25389087,0.16722436,819588
-0.3982942,-0.21437362,0.40188885,-0.018325957,-0.025427265,0.012675454,820055
-0.15552974,0.19036973,-0.061408997,0.002443461,-0.037033707,0.00290161,819697
0.56350183,-1.103025,-0.83491516,0.0036651916,0.019165898,0.016340645,819297
-0.56710374,-2.0054977,1.0421734,0.076358154,0.10407617,-0.0038179078,819310
0.10540295,0.6553904,0.7709284,-0.045814894,-0.18791743,-0.028863383,819301
0.22384286,0.1707704,0.6408739,0.0036651916,0.038713586,-0.028863383,819957
0.52315557,-0.3707885,-1.0747881,-0.002443461,0.03688099,0.012064588,820421
-0.5090418,-0.15678588,1.275588,0.035430185,0.06314819,0.111635625,819610
2.2660518,0.29504144,0.9633608,0.030543262,0.20303634,-0.05513059,819568
1.0737127,0.33318102,-0.50014114,-0.009162978,-0.019929478,-0.00076358154,820616
0.91871727,0.42677853,1.3522196,-0.22907446,-0.3919464,-0.027030786,820224
0.70934796,0.08227366,1.21982,-0.017715093,-0.0052687125,-0.13942999,820471
-0.14561105,1.0814998,-0.19847965,-0.040927973,0.019165898,0.087201014,819881
-0.053925037,0.6185436,3.025981,0.008552114,0.3600287,-0.0777326,818998
-0.19235599,-0.698717,-0.84108734,0.0067195175,0.09735665,-0.0038179078,820426
0.37679696,0.9573826,-0.1406517,-0.0018325958,-0.0064904434,-0.031306844,820101
-0.4845929,-0.645406,0.79431915,-0.0,-0.07307476,0.056046885,820478
1.0334367,2.1608737,-1.907382,-0.027488936,0.080252424,0.16172658,819496
-0.24091482,-0.08084446,-2.0549498,0.06719518,0.05337435,0.0041233404,819101
-0.41321278,-0.64965916,-0.1398859,-0.025045475,-0.024205536,-0.0025961774,819843
-0.21245158,0.123286575,-0.94139004,0.0030543262,0.016722437,-0.023365596,820295
0.5709536,-0.1087212,0.66824055,0.0067195175,-0.0077121737,-0.00076358154,820335
0.78707385,0.9269811,-0.07715511,-0.025045475,0.6453028,0.3052799,819046
-0.11285567,2.1026676,1.951561,-0.039095376,-0.026648996,0.017562376,820379
-0.5323782,0.26012522,-0.06718826,-0.004276057,-0.0846812,0.10919216,819706
-0.15322351,0.50622183,-1.4111052,-0.014049901,0.047265697,-0.041080687,820041
-0.3110646,0.5020022,-1.1877346,-0.025045475,-0.032757647,0.0041233404,820306
-0.16693425,-0.26125437,-0.8644104,0.048258353,-0.000992656,0.22159137,819619
0.07633412,0.69266266,-0.3985176,0.03359759,0.069867715,-0.0032070426,820683
0.38927364,-0.14497256,-0.4471798,-0.0012217305,0.039935317,0.05665775,820683
0.5394548,-0.11338341,0.5558491,-0.009773844,-0.021762075,0.00045814895,818953
-0.37079108,-0.13250399,0.05768299,0.018325957,0.001450805,-0.025198191,820318
2.388978,-0.64800423,-0.22710323,-0.06291912,0.011224649,-0.037415497,819804
-0.09997547,0.20565365,-0.09980869,0.10873401,-0.13355042,-0.007483099,820294
-0.18555212,-0.8643925,0.7527323,0.013439035,0.003894266,0.012675454,820679
-0.42928886,-0.15094078,1.5288363,0.059253927,0.14317155,0.01572978,819921
1.6962643,-0.9425242,1.0895987,-0.073303826,-0.07735081,-0.09056077,819281
-0.50913036,-0.2452735,1.0606127,-0.022602014,-0.035811976,-0.009315695,820086
0.39649916,-1.6600833,1.0003691,0.14538592,-0.108504936,-0.09239337,819803
0.41136682,0.14364487,-0.47502327,0.06047566,-0.07185303,0.00045814895,819020
-0.9743327,1.5043235,1.7131653,-0.02565634,-0.0846812,0.0071776668,819128
0.7730621,0.23412889,0.216959,0.010995574,-0.03153592,0.033444874,820289
0.81340384,1.408046,0.58704853,0.010995574,-0.07002043,0.1207986,820483
0.5685812,1.3136041,-0.51407623,0.02076942,0.023441954,0.011453724,819902
-0.6893461,-0.4963827,-0.2645445,-0.01282817,0.019776762,0.005955936,820505
0.75819385,-0.2177906,0.45726347,0.0,0.0,0.0,818922
0.5054014,0.27369186,-0.47947693,-0.04886922,-0.040698897,0.008399397,820326
0.45436978,0.41770005,0.70447254,0.016493361,0.052763484,-0.03680463,819320
0.49398613,0.43986762,0.27573395,0.023823744,0.020998493,0.015118915,818970
1.129761,-0.419227,1.5252495,-0.07147124,-0.028481591,-0.039858956,819193
1.5800602,1.5329783,0.11480045,0.020158553,0.10529789,-0.0154243475,819005
-0.08419824,0.7061483,-0.8917551,-0.022602014,-0.11400273,-0.014202617,819922
-2.8510158,-1.1754292,0.1831398,0.08368854,-0.09812023,0.37797287,819231
3.1348403,0.33478406,-1.8424563,-0.018936822,0.010002919,-0.039858956,819805
-0.6055759,-1.5216153,-2.2488742,0.03970624,-0.059024855,0.5526803,819966
0.05325663,0.3399278,1.2957382,0.026267206,0.106519625,0.10797043,820249
-0.13194609,0.29910493,-0.66663265,-0.016493361,0.020998493,-0.12843442,819962
-0.5954286,-0.31938744,1.2804289,-0.032986723,-0.16103935,0.013897184,820220
0.4903674,0.33164755,-0.17668438,0.027488936,-0.14882204,0.00290161,820406
-0.123536706,-0.793239,0.1666317,-0.015882496,0.104687035,0.013897184,819687
1.3880994,-1.1550628,1.5072384,0.0018325958,-0.020540344,0.017562376,820095
-0.217551,0.020553976,0.07090187,0.0030543262,-0.004046982,0.0041233404,819441
-3.5900722,-1.1844693,-1.7470059,0.12339478,-0.07857254,0.018784106,819545
0.55489016,0.24593347,0.68401146,-0.005497787,-0.05841399,-0.0032070426,819246
-0.03260374,-0.7947328,0.28243923,0.034208454,-0.019929478,0.19165897,819150
0.087593794,0.60861045,1.0476427,-0.018936822,0.00022907447,-0.0936151,819907
-0.0018119812,-0.23545912,0.4155836,-0.08368854,-0.07124216,0.0041233404,819722
0.48746812,-0.97867393,0.4147234,0.029321533,-0.004046982,-0.00992656,819646
1.0026493,-0.9304749,-1.0255442,0.004276057,-0.17142406,-0.16508633,820561
1.3582945,1.7565689,-0.7129736,-0.057421334,-0.038255434,-0.15409076,819814
0.7933769,1.1968392,-1.4980307,-0.064751714,-0.03520111,-0.05513059,820500
0.7839888,-2.546761,-0.16822529,-0.004886922,-0.04375322,-0.04718934,819061
-0.2539755,-0.67213225,0.3987484,-0.057421334,-0.05352707,-0.0050396384,819724
1.0471586,-0.33913907,-0.6100035,-0.06047566,0.12545645,0.018784106,819642
0.38607454,1.3794851,-1.67523,0.002443461,0.081474155,0.05787948,820151
-1.0653805,0.10605073,-1.296793,-0.10445796,-0.13660474,0.033444874,820207
-0.164549,-0.5824871,0.3033371,0.032375857,0.017944166,-0.007483099,820414
0.022613764,-0.11751151,-0.123062134,0.00061086525,0.008781188,0.005955936,819509
-0.57771444,-0.26035717,3.1970558,-0.03726278,-0.069409564,-0.0154243475,819632
0.121198416,0.1250285,0.44968224,-0.0036651916,0.03932445,0.009010263,820170
-0.3466462,0.4967274,0.056877136,0.0018325958,0.025274549,0.018784106,820535
-0.04984045,-2.2802892,-1.1371202,0.04886922,0.022220224,-0.036193766,819027
0.61380124,-1.5722823,-1.0634394,0.018936822,-0.10178542,-0.019700404,819238
0.1981287,0.352432,0.039007187,-0.010995574,0.013057245,-0.054519724,820687
-0.27664876,-0.2881341,-1.3775883,0.022602014,-0.0077121737,-0.0025961774,820441
1.1737492,-0.4087208,0.2533102,-0.08674286,0.018555032,0.009010263,820265
0.29027224,-0.09386581,0.2141285,-0.01038471,-0.11766792,-0.08078693,820123
0.68661284,0.42335653,-0.016121864,-0.0036651916,0.0173333,0.023060163,819458
-0.32811987,-0.3571182,-2.1407347,0.036651913,0.24152085,0.10369437,819111
2.403956,-0.020383954,-1.461833,0.029321533,0.03810272,-0.10216721,819040
1.0572593,-0.29291117,1.2690954,0.0061086523,-0.07124216,0.005955936,818969
0.06670141,0.38981056,0.160532,0.014049901,0.03810272,0.020616703,820603
-0.84938484,-0.539847,-0.22183704,0.012217305,0.014278975,0.08109236,818970
-0.81782854,0.77017903,1.2974119,-0.0067195175,-0.030925052,0.04505131,819005
-0.32600677,1.4616079,1.1854029,0.010995574,0.11018482,0.020616703,820102
-0.09706402,0.4353739,-0.62119675,0.0061086523,0.02893974,-0.007483099,820653
-0.8804697,0.8142424,1.1360703,0.002443461,-0.013209961,0.009010263,819838
0.44559288,0.28455767,0.060715675,0.0036651916,0.06253733,-0.075289145,820569
-0.42270243,-1.1836938,0.7317896,-0.007330383,-0.026648996,0.0035124752,820218
-0.5688449,0.71239257,0.32685947,0.005497787,-0.0064904434,0.0053450707,820417
1.6238668,0.4173882,1.2323656,-0.049480084,0.015500706,0.017562376,819064
-1.1506968,0.73296046,-0.49665737,-0.008552114,0.0045051314,0.020005837,820399
-0.6798495,-0.54599047,0.09620857,0.032375857,0.07658723,-0.0038179078,820274
0.32485795,-1.4671478,-0.68856335,0.022602014,0.11568261,-0.0154243475,819332
0.4950292,-0.005375415,-0.43010235,-0.03481932,0.016722437,0.012675454,820382
-0.7790127,-0.6299118,-0.18198204,0.0061086523,0.022220224,0.043218717,818991
-0.023364782,0.24033785,1.2384949,-0.023823744,0.012446379,0.030390546,819835
0.37714767,0.0783661,-1.0149145,0.054367006,-0.019318614,-0.00992656,820412
-0.25468528,0.3912805,-1.0087795,0.04337143,0.0020616702,0.087201014,820092
-0.5186517,-0.26979825,0.7915964,0.007330383,0.039935317,-0.029474247,819872
0.42324996,0.03720942,-0.35112,0.014049901,0.006337727,0.01572978,818982
1.1479772,-0.59787875,1.2348919,0.053145275,0.1614975,0.030390546,819094
-1.8274636,-1.381585,-0.3001566,-0.07147124,-0.013209961,0.046883907,819580
0.14914894,-0.6886593,-0.6632061,0.020158553,-0.08345947,0.04016439,820176
1.2894516,0.61974436,1.1580782,0.09162979,0.065591656,-0.0013744468,819035
0.20873272,0.27433884,0.39488602,0.0421497,0.0081703225,-0.00992656,820606
-0.00799346,0.045536995,-0.42066765,-0.04520403,-0.11766792,0.013897184,819342
-1.5282123,-0.28458107,-0.14221,0.02687807,-0.054748796,0.050549097,819638
1.6209155,0.6900959,0.39456177,-0.036651913,-0.06207918,-0.08017606,819622
0.83986735,-1.0200691,0.13870907,-0.007330383,0.010613783,0.021227567,819949
0.25442195,-0.1597299,-1.1637363,0.0421497,0.04298964,-0.0050396384,819759
-0.7797557,-0.33962286,0.48208523,-0.047647487,-0.15798502,-0.04046982,820126
-0.085888624,-0.22922325,-0.8617134,-0.07941248,-0.0028252518,0.029168816,820206
-0.11286044,0.1550539,-0.06820774,0.0018325958,-0.09934196,0.005955936,819733
2.8329582,-0.104126945,0.47056293,-0.10995574,0.043600507,-0.22067507,820261
-0.40510052,-2.494523,-0.23671341,0.03970624,0.0045051314,0.1049161,819023
